ModuleName,FunctionName,Covered,Uncovered
vault_utils,clone_vecmap_table,39,39
vault_utils,decimals,2,2
vault_utils,div_d,6,6
vault_utils,div_with_oracle_price,6,6
vault_utils,from_decimals,4,4
vault_utils,from_oracle_price_decimals,4,4
vault_utils,mul_d,6,6
vault_utils,mul_with_oracle_price,6,6
vault_utils,parse_key,11,11
vault_utils,to_decimals,4,4
vault_utils,to_oracle_decimal,25,25
vault_utils,to_oracle_price_decimals,4,4
vault_oracle,add_pyth_aggregator,64,64
vault_oracle,add_switchboard_aggregator,2,2
vault_oracle,asset_aggregator,17,17
vault_oracle,asset_price_last_updated,17,17
vault_oracle,change_pyth_aggregator,70,70
vault_oracle,change_switchboard_aggregator,2,2
vault_oracle,check_version,10,10
vault_oracle,coin_decimals,7,7
vault_oracle,dex_slippage,4,4
vault_oracle,get_asset_price,41,41
vault_oracle,get_current_price,2,2
vault_oracle,get_current_price_v2,95,95
vault_oracle,get_normalized_asset_price,37,37
vault_oracle,get_pyth_object_identifier,10,10
vault_oracle,has_aggregator,5,5
vault_oracle,init,10,10
vault_oracle,is_rate_feed,4,4
vault_oracle,remove_pyth_aggregator,28,28
vault_oracle,remove_switchboard_aggregator,2,2
vault_oracle,set_dex_slippage,11,11
vault_oracle,set_pyth_aggregator_for_vsui,60,60
vault_oracle,set_update_interval,29,29
vault_oracle,update_interval,4,4
vault_oracle,update_price,2,2
vault_oracle,update_price_v2,77,77
vault_oracle,update_price_v2_for_vsui,149,153
vault_oracle,upgrade_oracle_config,22,22
vault_oracle,vsui_asset_type,3,3
withdraw_request,expected_amount,4,4
withdraw_request,new,9,9
withdraw_request,receipt_id,4,4
withdraw_request,recipient,4,4
withdraw_request,request_id,4,4
withdraw_request,request_time,4,4
withdraw_request,shares,4,4
withdraw_request,vault_id,4,4
vault_receipt_info,claimable_principal,4,4
vault_receipt_info,get_receipt_reward,18,18
vault_receipt_info,get_receipt_rewards,40,40
vault_receipt_info,last_deposit_time,4,4
vault_receipt_info,new_vault_receipt_info,10,10
vault_receipt_info,pending_deposit_balance,4,4
vault_receipt_info,pending_withdraw_shares,4,4
vault_receipt_info,reset_unclaimed_rewards,15,15
vault_receipt_info,reward_indices,3,3
vault_receipt_info,reward_indices_mut,3,3
vault_receipt_info,shares,4,4
vault_receipt_info,status,4,4
vault_receipt_info,unclaimed_rewards,3,3
vault_receipt_info,unclaimed_rewards_mut,3,3
vault_receipt_info,update_after_cancel_deposit,39,39
vault_receipt_info,update_after_cancel_withdraw,48,48
vault_receipt_info,update_after_claim_principal,9,9
vault_receipt_info,update_after_execute_deposit,51,51
vault_receipt_info,update_after_execute_withdraw,64,64
vault_receipt_info,update_after_request_deposit,39,39
vault_receipt_info,update_after_request_withdraw,49,49
vault_receipt_info,update_reward,72,72
receipt,create_receipt,13,13
receipt,receipt_id,4,4
receipt,receipt_id_mut,3,3
receipt,receipt_uid,3,3
receipt,vault_id,4,4
deposit_request,amount,4,4
deposit_request,expected_shares,4,4
deposit_request,new,9,9
deposit_request,receipt_id,4,4
deposit_request,recipient,4,4
deposit_request,request_id,4,4
deposit_request,request_time,4,4
deposit_request,vault_id,4,4
vault,add_claimable_principal,19,19
vault,add_dynamic_field_to_operation,11,11
vault,add_new_coin_type_asset,27,27
vault,add_new_defi_asset,18,18
vault,add_vault_receipt_info,12,12
vault,assert_during_operation,9,9
vault,assert_enabled,9,9
vault,assert_normal,9,9
vault,assert_not_during_operation,9,9
vault,assert_operator_not_freezed,12,12
vault,assert_operator_not_freezed_by_id,9,9
vault,assert_single_vault_operator_paired,15,15
vault,assert_vault_receipt_matched,10,10
vault,asset_types,3,3
vault,borrow_coin_type_asset,27,27
vault,borrow_defi_asset,38,38
vault,borrow_free_principal,33,33
vault,cancel_deposit,143,143
vault,cancel_withdraw,177,177
vault,check_locking_time_for_cancel_request,33,33
vault,check_locking_time_for_withdraw,16,16
vault,check_op_value_update_record,70,76
vault,check_version,10,10
vault,claim_claimable_principal,52,52
vault,claimable_principal,4,4
vault,clear_op_value_update_record,58,58
vault,contains_asset_type,5,5
vault,contains_defi_asset_of_type,5,5
vault,contains_vault_receipt_info,5,5
vault,create_operator_cap,10,10
vault,create_vault,68,68
vault,cur_epoch,4,4
vault,cur_epoch_loss,4,4
vault,delete_deposit_request,10,10
vault,delete_withdraw_request,10,10
vault,deposit_by_operator,26,26
vault,deposit_coin_buffer,18,18
vault,deposit_fee_rate,4,4
vault,deposit_id_count,5,5
vault,deposit_request,18,18
vault,deposit_withdraw_fee_collected,4,4
vault,enable_op_value_update,12,12
vault,execute_deposit,165,173
vault,execute_withdraw,170,170
vault,finish_update_asset_value,59,62
vault,force_remove_defi_asset,46,46
vault,free_principal,4,4
vault,get_asset_value,17,17
vault,get_defi_asset,2,2
vault,get_defi_asset_inner,5,5
vault,get_share_ratio,34,34
vault,get_share_ratio_without_update,20,20
vault,get_single_vault_operator_by_dynamic_field,9,9
vault,get_single_vault_operator_config_by_dynamic_field,7,7
vault,get_total_usd_value,77,77
vault,get_total_usd_value_without_update,46,46
vault,init,14,14
vault,init_inner_assets,8,8
vault,init_inner_assets_by_admin,3,4
vault,inner_assets,6,6
vault,inner_assets_mut,6,6
vault,locking_time_for_cancel_request,4,4
vault,locking_time_for_withdraw,4,4
vault,loss_tolerance,4,4
vault,migrate_coin_type_asset,7,14
vault,migrate_defi_asset,14,14
vault,op_value_update_record,3,3
vault,op_value_update_record_assets_borrowed,3,3
vault,op_value_update_record_assets_updated,3,3
vault,op_value_update_record_value_update_enabled,4,4
vault,operation_id_mut,3,3
vault,operator_freezed,18,18
vault,operator_id,4,4
vault,remove_coin_type_asset,56,56
vault,remove_defi_asset_support,66,66
vault,remove_single_vault_operator,29,29
vault,request_deposit,112,112
vault,request_withdraw,110,110
vault,retrieve_deposit_withdraw_fee,17,17
vault,return_coin_type_asset,17,17
vault,return_defi_asset,15,15
vault,return_free_principal,19,19
vault,reward_manager_id,4,4
vault,set_deposit_fee,23,23
vault,set_enabled,30,30
vault,set_locking_time_for_cancel_request,14,14
vault,set_locking_time_for_withdraw,14,14
vault,set_loss_tolerance,24,24
vault,set_new_asset_type,38,38
vault,set_operator_freezed,24,24
vault,set_reward_manager,26,26
vault,set_single_vault_operator,41,41
vault,set_status,14,14
vault,set_withdraw_fee,23,23
vault,status,4,4
vault,total_shares,4,4
vault,try_reset_tolerance,46,46
vault,update_coin_type_asset_value,48,48
vault,update_free_principal_value,29,29
vault,update_tolerance,44,44
vault,upgrade_vault,22,22
vault,validate_total_usd_value_updated,55,55
vault,vault_id,4,4
vault,vault_id_mut,3,3
vault,vault_receipt_info,5,5
vault,vault_receipt_info_mut,5,5
vault,vault_uid,3,3
vault,withdraw_fee_rate,4,4
vault,withdraw_id_count,5,5
vault,withdraw_request,18,18
cetus_adaptor,calculate_cetus_position_value,0,93
cetus_adaptor,sqrt_price_x64_to_price,38,38
cetus_adaptor,update_cetus_position_value,0,18
curator_position,add_curator_cap,25,25
curator_position,assert_valid_curator_cap,33,33
curator_position,assert_valid_curator_position_value,30,30
curator_position,bind_vault_curator_position,24,24
curator_position,check_version,10,10
curator_position,claim_curator_position_claimable_balance,27,27
curator_position,create_curator_cap,24,24
curator_position,create_curator_position,64,64
curator_position,create_curator_position_with_auto_transfer,20,20
curator_position,curator_cap_curator_address,4,4
curator_position,curator_cap_id,4,4
curator_position,curator_cap_paired_position,6,6
curator_position,curator_cap_to_curator,6,6
curator_position,curator_position_vault_id,6,6
curator_position,init_curator_config,35,35
curator_position,is_valid_curator_cap,5,5
curator_position,loop_in_curator_position,73,73
curator_position,loop_in_curator_position_with_claimable_balance,75,75
curator_position,loop_out_curator_position,14,14
curator_position,loop_out_curator_position_by_operator,20,20
curator_position,loop_out_curator_position_internal,48,48
curator_position,position_id,4,4
curator_position,position_value,7,7
curator_position,position_value_info,6,6
curator_position,position_value_updated,7,7
curator_position,position_value_valid_time,7,7
curator_position,register_vault_curator_position,24,24
curator_position,remove_curator_cap,35,35
curator_position,remove_curator_cap_paired_with_position,38,38
curator_position,set_curator_cap_paired_with_position,46,46
curator_position,set_value_submission_min_interval,11,11
curator_position,submit_curator_position_value,37,37
curator_position,transfer_curator,5,5
curator_position,transfer_curator_cap_info,38,38
curator_position,update_curator_position_value,73,73
curator_position,update_position_value,25,25
curator_position,upgrade_curator_config,22,22
curator_position,validate_curator_position_value,63,63
manager_cap,create_manager_cap,10,10
manager_cap,manager_cap_id,4,4
momentum_adaptor,get_position_token_amounts,0,39
momentum_adaptor,get_position_value,0,89
momentum_adaptor,sqrt_price_x64_to_price,38,38
momentum_adaptor,update_momentum_position_value,0,19
navi_adaptor,add_navi_market,14,14
navi_adaptor,add_navi_market_by_id,55,55
navi_adaptor,assert_navi_market_empty,45,45
navi_adaptor,calculate_navi_position_value,117,117
navi_adaptor,has_navi_market_registry,6,6
navi_adaptor,init_navi_market_registry,10,10
navi_adaptor,init_navi_market_registry_for_migration,86,86
navi_adaptor,install_registry,12,12
navi_adaptor,navi_market_ids,27,27
navi_adaptor,record_navi_market_value,104,104
navi_adaptor,registry,6,6
navi_adaptor,registry_mut,6,6
navi_adaptor,remove_navi_market,94,94
navi_adaptor,reset_market_sync,39,39
navi_adaptor,reset_navi_market_sync,7,7
navi_adaptor,update_navi_position_value,42,42
swap_request,add_dynamic_field_withdraw_requests,14,14
swap_request,contains_withdraw_swap_request,18,18
swap_request,delete_withdraw_swap_request,9,9
swap_request,new_withdraw_swap_request,7,7
swap_request,recipient,4,4
swap_request,request_id,4,4
swap_request,slippage_bps,4,4
swap_request,target_asset_type,4,4
swap_request,try_delete_withdraw_swap_request,46,46
swap_request,vault_id,4,4
swap_request,withdraw_swap_request,6,6
swap_request,withdraw_swap_requests,7,7
swap_request,withdraw_swap_requests_mut,7,7
reward_manager,add_new_reward_type,69,69
reward_manager,add_reward_balance,90,90
reward_manager,add_reward_to_buffer,74,74
reward_manager,check_version,10,10
reward_manager,claim_reward,109,109
reward_manager,create_reward_buffer_distribution,55,55
reward_manager,create_reward_manager,35,35
reward_manager,issue_receipt,8,8
reward_manager,issue_vault_receipt_info,14,14
reward_manager,remove_reward_buffer_distribution,77,77
reward_manager,retrieve_undistributed_reward,90,90
reward_manager,reward_amount,8,8
reward_manager,reward_balance,7,7
reward_manager,reward_buffer_amount,9,9
reward_manager,reward_buffer_distribution_last_updated,10,10
reward_manager,reward_buffer_distribution_rate,10,10
reward_manager,reward_indices,4,4
reward_manager,set_reward_rate,71,71
reward_manager,update_receipt_reward,53,53
reward_manager,update_reward_buffer,188,188
reward_manager,update_reward_buffers,64,64
reward_manager,update_reward_indices,59,59
reward_manager,upgrade_reward_manager,22,22
reward_manager,vault_id,4,4
receipt_cancellation,add_dynamic_field_to_receipt,8,8
receipt_cancellation,add_dynamic_field_to_vault,11,11
receipt_cancellation,assert_receipt_can_be_cancelled,7,7
receipt_cancellation,assert_receipt_can_be_cancelled_from_vault,8,8
receipt_cancellation,assert_receipt_can_not_be_cancelled,8,8
receipt_cancellation,assert_receipt_can_not_be_cancelled_from_vault,9,9
receipt_cancellation,receipt_can_be_cancelled,22,22
receipt_cancellation,set_receipt_can_be_cancelled,22,22
receipt_cancellation,set_receipt_can_not_be_cancelled,22,22
receipt_cancellation,set_vault_receipt_info_can_be_cancelled,26,26
receipt_cancellation,vault_receipt_info_can_be_cancelled,36,36
operation,add_curator_position_as_defi_asset,30,30
operation,add_dynamic_field_withdraw_requests,13,13
operation,add_new_coin_type_asset,12,12
operation,add_new_defi_asset,32,32
operation,add_receipt_as_defi_asset,16,16
operation,batch_execute_deposit,74,74
operation,batch_execute_withdraw,95,95
operation,cancel_user_deposit,28,28
operation,cancel_user_withdraw,21,21
operation,deposit_by_operator,15,15
operation,end_op_value_update_with_bag,0,2
operation,end_op_value_update_with_bag_v2,118,128
operation,end_op_with_bag,0,2
operation,end_op_with_bag_v2,123,127
operation,execute_deposit,31,31
operation,execute_withdraw,54,54
operation,execute_withdraw_with_swap,100,100
operation,finish_execute_withdraw_with_swap,66,66
operation,pre_vault_check,11,11
operation,remove_coin_type_asset,12,12
operation,remove_defi_asset_support,13,13
operation,start_op_with_bag,0,2
operation,start_op_with_bag_v2,135,141
receipt_adaptor,get_receipt_value,63,63
receipt_adaptor,update_receipt_value,20,20
suilend_adaptor,get_reserve_array_indicies,66,66
suilend_adaptor,parse_suilend_obligation,130,130
suilend_adaptor,suilend_compound_interest,43,43
suilend_adaptor,update_suilend_position_value,22,22
user_entry,cancel_deposit,22,22
user_entry,cancel_deposit_with_auto_transfer,11,11
user_entry,cancel_withdraw,24,24
user_entry,claim_claimable_principal,12,12
user_entry,deposit,107,107
user_entry,deposit_with_auto_transfer,24,24
user_entry,withdraw,46,46
user_entry,withdraw_with_auto_transfer,51,51
user_entry,withdraw_with_swap,97,97
vault_manage,add_curator_cap,4,4
vault_manage,add_dynamic_field_to_operation,4,4
vault_manage,add_dynamic_field_to_vault,4,4
vault_manage,add_navi_market,14,14
vault_manage,add_navi_market_registry_to_vault,4,4
vault_manage,add_navi_market_registry_to_vault_for_migration,6,6
vault_manage,add_pyth_aggregator,8,8
vault_manage,add_switchboard_aggregator,6,7
vault_manage,change_pyth_aggregator,7,7
vault_manage,change_switchboard_aggregator,5,6
vault_manage,create_manager_cap,3,3
vault_manage,create_operator_cap,3,3
vault_manage,create_reward_manager,4,4
vault_manage,force_remove_zo_position,4,4
vault_manage,init_curator_config,3,3
vault_manage,register_vault_curator_position,4,4
vault_manage,remove_curator_cap,4,4
vault_manage,remove_curator_cap_paired_with_position,5,5
vault_manage,remove_navi_market,15,15
vault_manage,remove_pyth_aggregator,4,4
vault_manage,remove_single_vault_operator,5,5
vault_manage,remove_switchboard_aggregator,3,4
vault_manage,reset_loss_tolerance,5,5
vault_manage,retrieve_deposit_withdraw_fee,4,4
vault_manage,retrieve_deposit_withdraw_fee_by_operator,13,13
vault_manage,retrieve_deposit_withdraw_fee_operator,4,4
vault_manage,set_curator_cap_paired_with_position,5,5
vault_manage,set_deposit_fee,4,4
vault_manage,set_dex_slippage,4,4
vault_manage,set_locking_time_for_cancel_request,4,4
vault_manage,set_locking_time_for_withdraw,4,4
vault_manage,set_loss_tolerance,4,4
vault_manage,set_operator_freezed,5,5
vault_manage,set_parameters_by_manager,28,28
vault_manage,set_pyth_aggregator_for_vsui,4,4
vault_manage,set_single_vault_operator,5,5
vault_manage,set_update_interval,4,4
vault_manage,set_value_submission_min_interval,4,4
vault_manage,set_vault_enabled,4,4
vault_manage,set_vault_enabled_by_operator,16,16
vault_manage,set_withdraw_fee,4,4
vault_manage,upgrade_curator_config,3,3
vault_manage,upgrade_oracle_config,3,3
vault_manage,upgrade_reward_manager,3,3
vault_manage,upgrade_vault,3,3
zo_adaptor,get_zo_position_value,47,47
zo_adaptor,update_zo_position_value,51,51
